,oa,f_1,f_2,f_3,f_4,f_5,f_6
0,0.203960546,0.094701585,0.175805148,0.363996051,0.141647578,0.216525358,0.05176319
1,0.380289087,0.134313412,0.358510897,0.714658269,0.251386395,0.273029879,0.048141246
2,0.53287907,0.217882824,0.618641779,0.848636594,0.467737732,0.354700783,0.032397375
3,0.618214554,0.377176222,0.709218403,0.929736566,0.620640825,0.399271628,0.030664128
4,0.705344505,0.667426256,0.774147284,0.945885215,0.673765345,0.493464964,0.04658517
5,0.750928039,0.73659164,0.782385516,0.947389613,0.755775359,0.558516035,0.168448849
6,0.787408364,0.770933368,0.815284554,0.957265009,0.786035261,0.633109661,0.356970708
7,0.818876887,0.791090003,0.858595959,0.960573809,0.816272773,0.650190169,0.594203866
8,0.835496277,0.823470244,0.865380821,0.964405643,0.839426053,0.657741253,0.692052283
9,0.845537131,0.876140995,0.863089319,0.967474758,0.844739209,0.664703126,0.712763378
10,0.836528757,0.875361928,0.873326057,0.956990354,0.831334144,0.644781847,0.679194191
11,0.851175329,0.871822609,0.878323445,0.969618091,0.858139515,0.663187093,0.75783765
12,0.862659711,0.882898222,0.883340645,0.965898223,0.854618461,0.696897481,0.804399199
13,0.881298582,0.912793271,0.889149272,0.968524512,0.875291491,0.73395859,0.816958405
14,0.876087386,0.914033997,0.895768445,0.972339366,0.864569592,0.718395298,0.780911522
15,0.87465141,0.902775247,0.894774459,0.975293125,0.877066751,0.700606391,0.804786265
16,0.89677896,0.93241334,0.91155123,0.977213354,0.887524484,0.757972709,0.811625753
17,0.882529694,0.908304044,0.917556577,0.975679375,0.862763819,0.724531905,0.801446022
18,0.885263923,0.917834691,0.891028585,0.974673178,0.883535146,0.729164193,0.837572469
19,0.902011189,0.92620924,0.922343843,0.981313928,0.891004668,0.752401384,0.865157893
20,0.898541955,0.924939339,0.924778754,0.975953799,0.89663156,0.74565532,0.845889082
21,0.890201161,0.909859572,0.915247004,0.979072055,0.873214311,0.728684566,0.859918643
22,0.896779079,0.931724113,0.913239319,0.97889263,0.883599808,0.74160706,0.856522495
23,0.899600493,0.928969274,0.922720486,0.982541474,0.887819293,0.744208209,0.853464676
24,0.903692564,0.923202968,0.934071144,0.984695762,0.889479639,0.75027022,0.854306367
25,0.887779831,0.928888132,0.91034961,0.974748095,0.871252766,0.724165159,0.828442478
26,0.905098522,0.940474871,0.922794136,0.984736448,0.892447242,0.752964124,0.854771675
27,0.900619466,0.930650151,0.932304885,0.981048035,0.882605965,0.740435185,0.849705506
28,0.897543071,0.913412682,0.921105743,0.983792965,0.890566059,0.738544019,0.866465555
29,0.90540768,0.939032407,0.920698514,0.981508355,0.884957283,0.75138066,0.882635174
30,0.902412697,0.943970239,0.916237968,0.977141317,0.879305618,0.763278404,0.847298048
31,0.885573495,0.89389368,0.924059061,0.980148898,0.872784669,0.710891458,0.859686523
32,0.900809453,0.919828775,0.926580966,0.983647889,0.886675599,0.744437596,0.867307297
33,0.910866027,0.959740846,0.921241483,0.98453258,0.884878263,0.768714201,0.86815345
34,0.90458502,0.938762759,0.918139318,0.984686799,0.896471578,0.751465355,0.868514048
35,0.897817144,0.914573342,0.919199349,0.985063308,0.911541171,0.736278712,0.846443486
36,0.91543415,0.963020809,0.918932334,0.979113273,0.906997639,0.775921209,0.885641971
37,0.908780721,0.94793554,0.922945841,0.981197008,0.898321049,0.762794499,0.859126906
38,0.895374031,0.915556736,0.919546033,0.979734792,0.885813168,0.744367143,0.843676961
39,0.899979597,0.924919471,0.91849175,0.980383603,0.886512366,0.749031475,0.863539645
40,0.904499736,0.929713653,0.93204071,0.980491054,0.885804156,0.757626571,0.857746008
41,0.892636076,0.902767541,0.924011116,0.981516672,0.872735006,0.742449165,0.837489343
42,0.888732688,0.936263525,0.914522934,0.97790285,0.859710372,0.721592304,0.813121375
43,0.897030039,0.935591562,0.912680628,0.977730095,0.887369743,0.742609688,0.83599301
44,0.898151357,0.938679031,0.91003501,0.984263263,0.868087729,0.754890012,0.833384908
45,0.891386679,0.904280828,0.917443561,0.985205,0.871104522,0.732155243,0.855353479
46,0.909780452,0.952247208,0.914031413,0.98000362,0.893745068,0.778161777,0.864358114
47,0.90047912,0.947470472,0.90676902,0.981533692,0.87633979,0.758890866,0.841795672
48,0.889317859,0.914566025,0.918402046,0.982835526,0.870291028,0.717813208,0.843900683
49,0.902510964,0.943803304,0.923114197,0.979160051,0.882427245,0.748068286,0.851031282
50,0.903764647,0.923884301,0.922910108,0.98442452,0.907714208,0.741496472,0.870965344
51,0.898958145,0.939301988,0.912747209,0.9843257,0.899043044,0.736161221,0.838214536
52,0.901546996,0.929810058,0.92533229,0.975711792,0.819986693,0.803609447,0.866543095
53,0.894795586,0.937429427,0.903951747,0.977961359,0.821168856,0.779386541,0.839356901
54,0.909885339,0.946586166,0.923831603,0.979788936,0.836980165,0.819017515,0.862144555
55,0.90017493,0.93584722,0.912238417,0.978007334,0.842875626,0.784325635,0.848430565
56,0.897194581,0.924771151,0.915645871,0.982124407,0.88542569,0.73917341,0.850000668
57,0.894363934,0.932345399,0.914318711,0.980404313,0.8813924,0.719717309,0.86023969
58,0.90427329,0.93557971,0.926691551,0.984798847,0.885675559,0.754880067,0.848196382
59,0.902014884,0.947335985,0.919041679,0.984590675,0.871459232,0.740664452,0.861853346
60,0.911558477,0.956417164,0.892050345,0.986854105,0.902053307,0.790801814,0.869851991
61,0.899320065,0.92467446,0.885682248,0.98527168,0.884808212,0.779264943,0.865568611
62,0.897890641,0.931172232,0.847410536,0.984256702,0.8912951,0.807119376,0.873539412
63,0.902959226,0.939738472,0.883558157,0.986317664,0.908418536,0.77319424,0.841054902
64,0.89342891,0.932907724,0.909545716,0.980804543,0.882286175,0.730058369,0.8330596
65,0.898206976,0.944212269,0.904279871,0.983717963,0.882290218,0.745565641,0.840348816
66,0.890083605,0.927790911,0.912309119,0.987221752,0.799253306,0.76834541,0.829638106
67,0.889972604,0.907152766,0.917515711,0.979840101,0.881696261,0.720811176,0.851330771
68,0.904681424,0.931942025,0.931085759,0.989499267,0.882116602,0.745210195,0.866171434
69,0.898752479,0.937446704,0.92227046,0.985696745,0.876614081,0.725663597,0.871939216
70,0.89092832,0.928955276,0.911025466,0.983168452,0.866665177,0.719704374,0.860485663
71,0.889971858,0.910180062,0.922095456,0.986609768,0.871833161,0.711214299,0.860439855
72,0.893742968,0.916527274,0.902086595,0.980754539,0.905013786,0.737064366,0.851009888
73,0.906089596,0.943689544,0.921432861,0.985656203,0.889680013,0.756974095,0.848298451
74,0.889064607,0.919264893,0.908682999,0.97440052,0.889309594,0.739866107,0.79462903
75,0.912837359,0.955424166,0.924588855,0.983839933,0.893793241,0.776691533,0.856312043
76,0.914588753,0.943976461,0.937385154,0.987280738,0.900010618,0.771864421,0.862824271
77,0.907480449,0.941351632,0.917776352,0.986117393,0.89317784,0.76283848,0.86894036
78,0.90615948,0.944913368,0.936606756,0.984471495,0.860887264,0.748435996,0.884952418
79,0.897287054,0.923186778,0.912887012,0.985780468,0.89622694,0.740338382,0.841138104
80,0.901698638,0.943621022,0.913912902,0.979374307,0.890685588,0.746290995,0.858766458
81,0.913567135,0.945696525,0.922037208,0.9834776,0.908092881,0.768060463,0.897566881
82,0.918168373,0.946060537,0.932416007,0.985273765,0.906125464,0.78040195,0.898138631
83,0.919709752,0.962649215,0.925133339,0.99093394,0.902622483,0.777496177,0.893313906
84,0.909944195,0.953817827,0.918379213,0.986315416,0.897482317,0.762466993,0.863980559
85,0.910483688,0.941839824,0.929259585,0.987143935,0.902613781,0.759232603,0.873576617
86,0.903807646,0.946279461,0.919937965,0.987413501,0.864626821,0.762422674,0.847607169
87,0.899006142,0.928853642,0.909423996,0.988030727,0.827503614,0.800956997,0.837094487
88,0.887866895,0.92420387,0.887217193,0.986005637,0.8159061,0.805927567,0.784644779
89,0.899863587,0.932803138,0.923484116,0.976552011,0.84004,0.784250917,0.838027951
90,0.896279472,0.911806434,0.918931363,0.97976354,0.886880023,0.752405068,0.845239537
91,0.910674815,0.958384537,0.919859747,0.980628251,0.894126188,0.78687888,0.826451057
92,0.912695834,0.944602062,0.910725972,0.985621693,0.89390207,0.798868747,0.862058206
93,0.897598197,0.91446452,0.910611679,0.981924939,0.886503372,0.759558898,0.843478115
94,0.886398133,0.920714217,0.886952705,0.974087558,0.87322054,0.751573935,0.811170403
95,0.904817626,0.936644979,0.909923479,0.980281799,0.899789365,0.763121991,0.868528419
96,0.901254848,0.921521547,0.932137458,0.987544687,0.881013282,0.743300933,0.852724652
97,0.901377042,0.940172144,0.917369455,0.983701169,0.884191099,0.742821236,0.859639032
98,0.906071909,0.937130277,0.930514052,0.985324171,0.895209826,0.761965431,0.827769549
99,0.898163989,0.9212676,0.927766958,0.989588318,0.871827516,0.726422281,0.883295195
100,0.913240068,0.955521375,0.903409379,0.9842902,0.91294177,0.784026272,0.866147846
101,0.900193368,0.938201507,0.905569504,0.984376202,0.878773535,0.754411782,0.858116596
102,0.90865898,0.948439009,0.920557906,0.983373142,0.891667207,0.757289554,0.88350449
103,0.909976333,0.946222745,0.924048658,0.987541239,0.878000964,0.768228706,0.879467482
104,0.911506595,0.93874725,0.92784702,0.989197148,0.891366383,0.764981408,0.883221241
105,0.921310503,0.965765686,0.930969062,0.988369122,0.90713657,0.783701637,0.873162399
106,0.896776076,0.936809687,0.908759999,0.988055616,0.875807094,0.738673998,0.851082336
107,0.908593439,0.964732431,0.926850296,0.989227392,0.87910507,0.747740528,0.846366884
108,0.921907714,0.968877777,0.92908449,0.98704768,0.912158932,0.778024224,0.886740892
109,0.927634528,0.976360588,0.939301588,0.99004059,0.902622607,0.803041628,0.866903275
110,0.91942579,0.953703352,0.930684854,0.987771075,0.916923247,0.775647575,0.885556482
111,0.906515998,0.920048008,0.936101094,0.985251761,0.903391535,0.750339702,0.881098398
112,0.919855228,0.94378313,0.941622933,0.99135975,0.925456029,0.773368174,0.863542065
113,0.917004803,0.946480323,0.943833127,0.990033471,0.905373982,0.768665145,0.864382
114,0.915210238,0.928898333,0.945216502,0.98889198,0.899969395,0.772728581,0.875048707
115,0.917904851,0.944320569,0.946264891,0.987531412,0.903659768,0.77460729,0.867399325
116,0.910744395,0.934287002,0.932646492,0.99108536,0.891423835,0.760782917,0.882105416
117,0.917536792,0.948057801,0.937300977,0.991278025,0.877664638,0.779498689,0.901815589
118,0.919159877,0.942687066,0.940166274,0.986422348,0.894662762,0.79135129,0.892190292
119,0.908198783,0.935119471,0.927745194,0.988022647,0.90548074,0.751162291,0.875101571
120,0.915445487,0.961318168,0.924819902,0.985763914,0.9022252,0.776539546,0.862373227
121,0.927824447,0.959050374,0.949567021,0.988398982,0.904712594,0.799407365,0.896560156
122,0.917573327,0.921278002,0.944929422,0.99152959,0.918475178,0.76824714,0.909124353
123,0.924229548,0.947970438,0.947823908,0.993102565,0.906963454,0.784669414,0.891277663
124,0.923914168,0.948351502,0.950473657,0.991987618,0.914117869,0.782241055,0.877704254
125,0.929517449,0.957615208,0.946912087,0.993608662,0.912328805,0.792374735,0.909864753
126,0.922440808,0.950324155,0.937231787,0.988538939,0.924670505,0.782452767,0.885725119
127,0.930818569,0.958602341,0.945152983,0.982545897,0.92174344,0.811992447,0.907854893
128,0.924528451,0.963213836,0.940482334,0.987699596,0.911641359,0.782340144,0.891222232
129,0.923554672,0.947719967,0.942543855,0.990497639,0.915876031,0.778892387,0.909520678
130,0.913400322,0.926073182,0.940773835,0.98988281,0.867005632,0.783650798,0.90042686
131,0.897678041,0.933032141,0.911997797,0.98435224,0.789637703,0.833381244,0.838337781
132,0.923035635,0.961381428,0.930549718,0.991517256,0.832880186,0.862326521,0.880095808
133,0.921124879,0.951697793,0.94202588,0.992671016,0.827425525,0.856029014,0.863809108
134,0.924135054,0.949140914,0.941052842,0.990551661,0.830769436,0.870536395,0.891454019
135,0.928513674,0.953320528,0.939240054,0.989326403,0.840424356,0.883817668,0.903193129
136,0.922153609,0.941269094,0.940523542,0.990297152,0.827147848,0.878397348,0.883359513
137,0.919357784,0.929185959,0.945179716,0.985162539,0.827618065,0.868183295,0.894123116
138,0.919172874,0.954358604,0.928591877,0.987761041,0.831478881,0.858873377,0.86766638
139,0.923672211,0.948231267,0.946272237,0.992352935,0.817819946,0.864268948,0.902107601
140,0.920320478,0.943008113,0.942127484,0.990949328,0.810105189,0.881990922,0.88585076
141,0.918555846,0.937781474,0.950404737,0.990141516,0.841964474,0.82109307,0.881460171
142,0.932480962,0.970292962,0.945037648,0.992104945,0.899593592,0.803074621,0.928350983
143,0.926269561,0.946951105,0.94698161,0.988895881,0.915442057,0.78855081,0.912702844
144,0.927690565,0.967121463,0.946221366,0.985614892,0.900260046,0.796327519,0.905509347
145,0.916384303,0.929738999,0.938719206,0.989368656,0.926071981,0.764159535,0.89262634
146,0.914377864,0.937952403,0.938256802,0.985966699,0.891056364,0.774088083,0.887809492
147,0.924795466,0.947970683,0.945956209,0.986570338,0.903813158,0.796038729,0.904814241
148,0.929711115,0.964260976,0.951176551,0.988804717,0.901635202,0.795742917,0.911333028
149,0.927302991,0.943416043,0.954421545,0.991514732,0.913875692,0.789922401,0.90926922
150,0.936388377,0.970793866,0.946285001,0.99453917,0.925588575,0.80948412,0.910069417
151,0.930337852,0.951339917,0.946502759,0.99366655,0.92217985,0.80235477,0.902041589
152,0.927331072,0.93773647,0.949608092,0.992178577,0.915653106,0.79725394,0.908167668
153,0.924148302,0.949613555,0.943054754,0.989628841,0.912190992,0.792976653,0.88557332
154,0.91809201,0.944945476,0.941886145,0.992180199,0.894898976,0.767369219,0.899712461
155,0.928225788,0.963126163,0.946536797,0.992846371,0.906830017,0.789613516,0.908016453
156,0.926099864,0.941527775,0.950592085,0.993130655,0.911828339,0.78557931,0.920430573
157,0.93190469,0.965635247,0.950950417,0.991817876,0.900060157,0.812069207,0.90005584
158,0.940721477,0.971132806,0.955338421,0.993466217,0.929279172,0.822071179,0.911168653
159,0.938242873,0.950996903,0.956252336,0.994863972,0.937529485,0.814788756,0.920505436
160,0.931841946,0.955794071,0.943561881,0.993472422,0.918049204,0.805201096,0.919957598
161,0.918856191,0.931117586,0.95057156,0.977155994,0.89902601,0.785802706,0.911517728
162,0.926528919,0.961376452,0.949359019,0.986832624,0.909484824,0.791150218,0.89092964
163,0.920703226,0.942443017,0.944445381,0.99199938,0.908896562,0.771480779,0.909017027
164,0.921677213,0.923596777,0.950027275,0.993767415,0.923575737,0.773918238,0.907187045
165,0.939792899,0.96125073,0.954623753,0.991026705,0.92304244,0.819495277,0.943385312
166,0.932996291,0.942622751,0.949241007,0.993649907,0.932360515,0.798569194,0.934385461
167,0.937464977,0.965505717,0.952537107,0.994849222,0.919500636,0.810517469,0.926603757
168,0.929905356,0.964473645,0.945974456,0.991733986,0.904532081,0.795668111,0.918841814
169,0.926842771,0.930876276,0.957692105,0.994527683,0.925913488,0.782992403,0.910395144
170,0.930875222,0.961089177,0.952656967,0.994462842,0.895079739,0.802622013,0.910387709
171,0.928210839,0.948891067,0.945186217,0.991569552,0.917162328,0.798009049,0.907582718
172,0.926767751,0.949813741,0.950409618,0.99114672,0.904265133,0.79287182,0.905502766
173,0.940426426,0.975188534,0.955502078,0.994175023,0.913063258,0.82132485,0.921107152
174,0.925186463,0.944736059,0.951413924,0.9929453,0.909646088,0.786078564,0.898560189
175,0.92213562,0.954087297,0.942316573,0.989532879,0.912031066,0.782838612,0.874905482
176,0.928042203,0.956851528,0.951180237,0.993977,0.916116073,0.788328927,0.890360383
177,0.929447846,0.952019614,0.948515769,0.993005946,0.932100147,0.796714,0.883644735
178,0.931257563,0.955400831,0.950629974,0.991298049,0.912097801,0.800621161,0.921328372
179,0.933247856,0.966699552,0.947303345,0.99102983,0.906927621,0.830617978,0.87859065
180,0.920013636,0.942510079,0.94499709,0.987984299,0.901184325,0.778298718,0.896295884
181,0.918583136,0.948058497,0.931427226,0.990984601,0.910489171,0.775399221,0.892741636
182,0.923801636,0.949312074,0.941547811,0.994089971,0.911968183,0.777561102,0.91202447
183,0.932407892,0.95314129,0.957437616,0.992804811,0.912970073,0.797313099,0.925354592
184,0.923220413,0.945068969,0.944807098,0.99069737,0.909013102,0.782538969,0.909967346
185,0.917977529,0.942224594,0.932339638,0.989034055,0.927541677,0.783572755,0.862047346
186,0.92968069,0.958494174,0.954522869,0.993313832,0.911663583,0.796120509,0.891459138
187,0.923041239,0.949561859,0.930033885,0.992729721,0.896724782,0.793531143,0.913284585
188,0.929732071,0.956515461,0.884213294,0.988859586,0.922602465,0.877686684,0.921497512
189,0.923235229,0.939527794,0.874016941,0.991396381,0.910430038,0.884077548,0.913839871
190,0.920226706,0.950987309,0.866663583,0.991158048,0.904476773,0.883156033,0.886052282
191,0.922945401,0.951874242,0.864541742,0.991527921,0.906267996,0.892172639,0.909934907
192,0.924090346,0.957845002,0.902141305,0.991116618,0.902928181,0.841203707,0.88668718
193,0.923972484,0.953025774,0.943999921,0.991675967,0.911391908,0.7823533,0.892449082
194,0.92897284,0.958069276,0.948487443,0.994650539,0.912031251,0.785422693,0.915927643
195,0.932627339,0.966877612,0.953525429,0.990465368,0.919751952,0.799609737,0.899335664
196,0.937364014,0.958342431,0.955364127,0.993204483,0.925790842,0.811012229,0.93233927
197,0.92584511,0.938654,0.950233662,0.996116247,0.919803008,0.780066148,0.915468751
198,0.935405048,0.959625181,0.948839713,0.993806094,0.912534831,0.80422369,0.951416727
199,0.928709307,0.955630779,0.932110376,0.992708407,0.903176494,0.821718072,0.900631987
200,0.939403984,0.968165676,0.947277706,0.993329439,0.917028613,0.832336295,0.92208977
201,0.931088997,0.941533672,0.950767574,0.992198231,0.915474754,0.811519183,0.920845097
202,0.942120534,0.964832216,0.954385884,0.992632674,0.917337235,0.84243819,0.924651564
203,0.935539399,0.960354179,0.955557358,0.992418604,0.917338283,0.813073314,0.911600932
204,0.938654255,0.964707476,0.954951093,0.994005903,0.927488578,0.820697925,0.908298485
205,0.931206233,0.961870384,0.952345594,0.992590115,0.9052012,0.806611428,0.897227394
206,0.926991155,0.973906684,0.940110101,0.991006544,0.900847696,0.797996525,0.876813823
207,0.91213907,0.937463098,0.932051946,0.990682627,0.90723024,0.765462995,0.866116128
208,0.932756485,0.975808489,0.94384629,0.990699549,0.912901081,0.819176523,0.872220003
209,0.896388956,0.918654565,0.916449727,0.988154642,0.87916141,0.750079125,0.826599104
210,0.91186648,0.91365077,0.938243654,0.983136985,0.900416258,0.776930806,0.898975531
211,0.936185605,0.966904893,0.952557709,0.991562161,0.920577657,0.813735595,0.906650672
212,0.932092583,0.956868573,0.950020317,0.992161281,0.913666169,0.798345751,0.93123378
213,0.930784856,0.959500619,0.950260967,0.990771502,0.904457349,0.799687894,0.924321846
214,0.934759034,0.961742451,0.944370549,0.991531691,0.923439237,0.81937896,0.908492424
215,0.929362648,0.938819959,0.948719632,0.994660726,0.914817162,0.810251437,0.900802146
216,0.93308245,0.973129189,0.941744934,0.991280819,0.904066886,0.813628561,0.907007636
217,0.918762517,0.927402126,0.942332119,0.988300555,0.916637308,0.775155204,0.906569349
218,0.92100821,0.958653446,0.937356872,0.990027687,0.91167416,0.773175074,0.892018985
219,0.935263277,0.962781394,0.951611423,0.99339906,0.92098729,0.806340501,0.921409238
220,0.936784893,0.961344925,0.952220073,0.991758765,0.924588612,0.813721815,0.922104403
221,0.933406639,0.961385493,0.957284661,0.992528561,0.90315074,0.804370942,0.916457669
222,0.936305321,0.953023592,0.95781321,0.993921897,0.850358165,0.879825631,0.919683647
223,0.931649146,0.948658668,0.95540397,0.99296474,0.909386161,0.810053839,0.902995264
224,0.929904395,0.956515655,0.955729029,0.993418411,0.909589853,0.789660188,0.90634076
225,0.930486414,0.962987762,0.95126439,0.988761664,0.908605671,0.800276474,0.904778842
226,0.924204878,0.939102655,0.953422058,0.992377255,0.914579238,0.788286142,0.880411582
227,0.916801789,0.938183258,0.947318608,0.990974837,0.880513521,0.774649212,0.901614825
228,0.936702645,0.955122107,0.956003282,0.990171817,0.860500062,0.877256267,0.923406109
229,0.913775272,0.917271809,0.945439307,0.9842369,0.79334476,0.87957279,0.917562382
230,0.923659028,0.92697248,0.953006187,0.993712457,0.804042869,0.903418261,0.91157086
231,0.939032745,0.966167885,0.955902895,0.992895974,0.844418646,0.895243297,0.923557954
232,0.934445223,0.965239463,0.95018579,0.994525322,0.836317491,0.895181395,0.89845283
233,0.930437206,0.932690386,0.958577026,0.994758346,0.823583521,0.910021565,0.905561586
234,0.937165897,0.956360609,0.957728101,0.991693224,0.838435938,0.899404114,0.927706874
235,0.923750642,0.926642154,0.950763587,0.993263599,0.804857455,0.898073762,0.9207325
236,0.938887207,0.964565379,0.953087299,0.993120966,0.847394516,0.897325039,0.923712753
237,0.922050047,0.941815272,0.945346394,0.992366935,0.895580441,0.791580996,0.893807609
238,0.925726246,0.964709954,0.940763497,0.985105692,0.901603839,0.792716407,0.912068829
239,0.931979788,0.954920548,0.951918351,0.994453543,0.911774493,0.798492144,0.92598731
240,0.928582211,0.959455229,0.943941409,0.991599639,0.926188086,0.789069707,0.902968876
241,0.933879129,0.951675909,0.957569329,0.992628396,0.909185885,0.812054266,0.920180503
242,0.936739061,0.960646958,0.954687096,0.994542552,0.928469998,0.811255561,0.908947792
243,0.938404451,0.964095541,0.945139992,0.994541057,0.922748914,0.821052374,0.934319314
244,0.932538612,0.953969302,0.948757646,0.995143458,0.907227622,0.809098404,0.915928592
245,0.938635568,0.961371889,0.957342488,0.994249746,0.920256752,0.811298241,0.938547676
246,0.936133306,0.964946523,0.94492305,0.9932032,0.929420164,0.813638284,0.912326054
247,0.932081327,0.958403945,0.94409317,0.989981096,0.909706135,0.813020637,0.922114684
248,0.921001824,0.953333162,0.940326986,0.985379455,0.910058637,0.783685641,0.881578244
249,0.916204603,0.927170657,0.945461615,0.991282727,0.909607207,0.767254723,0.894508909
250,0.938444177,0.972640871,0.955829659,0.992782561,0.923080322,0.817174515,0.899169371
251,0.936402931,0.969558797,0.955051298,0.991958737,0.915700392,0.810865757,0.912027945
252,0.92987898,0.967219397,0.946603545,0.988809373,0.906504555,0.797854412,0.910129025
253,0.917926157,0.920519807,0.947365247,0.985579023,0.929817052,0.767051984,0.910319872
254,0.919949241,0.930732147,0.947426965,0.991408358,0.91533941,0.770725325,0.912973196
255,0.935682631,0.967095043,0.953772329,0.993426116,0.91789729,0.805707309,0.919366354
256,0.914041921,0.934692624,0.940570938,0.991219317,0.911940502,0.753370202,0.89022661
257,0.933974859,0.957694661,0.95374023,0.990710361,0.930733401,0.800466522,0.915002556
258,0.929292189,0.948215058,0.957064036,0.989249272,0.922975144,0.792851427,0.90651827
259,0.93797507,0.954317207,0.961110018,0.99238265,0.939683899,0.810898253,0.913032412
260,0.929544089,0.933286357,0.953570574,0.993094328,0.932706808,0.796782521,0.911141882
261,0.932621525,0.941228411,0.95940868,0.996499493,0.922191724,0.796361151,0.923763688
262,0.935260343,0.960877238,0.949115942,0.993629094,0.921064544,0.807499578,0.924920934
263,0.940813138,0.97305131,0.945873457,0.993714066,0.921550483,0.829058668,0.929208257
264,0.938088159,0.948069985,0.960490052,0.99547421,0.938602928,0.813305552,0.916267493
265,0.930487975,0.947911031,0.951571559,0.993477212,0.915424809,0.792202415,0.938735652
266,0.934339737,0.947963312,0.954161765,0.993980385,0.925233253,0.804266745,0.931273031
267,0.920526329,0.92071969,0.948256732,0.99491941,0.918141396,0.771503869,0.919462792
268,0.929092551,0.94280616,0.95142818,0.993215003,0.926316255,0.792920951,0.911426681
269,0.943185869,0.955633078,0.959559588,0.996343217,0.941538663,0.824519618,0.93561891
270,0.939964982,0.967073096,0.95587765,0.995488896,0.923012744,0.817049941,0.92698023
271,0.936134228,0.964624327,0.966068036,0.996838452,0.916715133,0.801370269,0.893635524
272,0.931576107,0.958204984,0.95304507,0.996809743,0.928157853,0.794675638,0.887285981
273,0.931026205,0.950344869,0.954506596,0.991290963,0.928023123,0.79912032,0.903154741
274,0.934585697,0.95655059,0.956037251,0.994114183,0.925746543,0.803777882,0.911566538
275,0.9249198,0.93670057,0.958519029,0.993719298,0.88776275,0.795047687,0.911864968
276,0.936981771,0.966786805,0.956930898,0.995231408,0.899577778,0.812664032,0.933422155
277,0.924656042,0.941980708,0.956893974,0.992190991,0.914160279,0.78062503,0.895789633
278,0.93852081,0.942375195,0.963148232,0.997434541,0.941350693,0.808500736,0.930107061
279,0.937876353,0.961448848,0.955570957,0.995536019,0.919123192,0.810381756,0.933570668
280,0.926569671,0.926145199,0.955066377,0.993164014,0.919566333,0.790678245,0.923543742
281,0.934379683,0.955675857,0.960744682,0.995998995,0.914458441,0.80079942,0.916219736
282,0.93748836,0.945478112,0.967053537,0.994411791,0.930243021,0.808504317,0.925528965
283,0.937423743,0.958188677,0.966896791,0.995766593,0.9085524,0.812138425,0.918480637
284,0.938031538,0.970442654,0.961719878,0.993211912,0.913558723,0.813010636,0.911182668
285,0.937568799,0.963743516,0.955972295,0.995737987,0.911657727,0.811494882,0.932412517
286,0.939967356,0.966792593,0.959286034,0.996170472,0.919825488,0.815674773,0.923114647
287,0.935754964,0.955716872,0.960059029,0.991581189,0.917541638,0.805448109,0.932046191
288,0.932180081,0.945230637,0.960379354,0.996536252,0.913788368,0.798496682,0.91913781
289,0.934264963,0.945250412,0.952853697,0.99465681,0.922833233,0.810745367,0.928355918
290,0.934702249,0.957607948,0.948850937,0.99443491,0.922396914,0.80118158,0.937811847
291,0.946248908,0.967744257,0.965887374,0.993265235,0.926749058,0.841385084,0.926746226
292,0.93901761,0.960234468,0.955725446,0.995221817,0.932049858,0.812548688,0.92795683
293,0.936184459,0.95301285,0.963069098,0.996802417,0.920914649,0.806282846,0.915915744
294,0.938753545,0.961549908,0.962852327,0.9943773,0.926205843,0.809811339,0.918139865
295,0.939361369,0.960265964,0.956440527,0.993118004,0.938025917,0.82067651,0.908832816
296,0.936747302,0.956532053,0.952227784,0.99479944,0.918771209,0.812213064,0.938787304
297,0.949475872,0.977795184,0.960309343,0.993257464,0.927194323,0.846685809,0.945012749
298,0.943859886,0.962373677,0.961632969,0.994077439,0.935002718,0.826269082,0.934830038
299,0.933263249,0.956257261,0.955986341,0.993905033,0.925085643,0.795187046,0.916085118
300,0.940398274,0.966188105,0.962858854,0.994922039,0.920878132,0.820588405,0.912797061
301,0.944675321,0.966496662,0.960064719,0.992689502,0.940723216,0.830409667,0.929354451
302,0.942849277,0.972902391,0.961568981,0.991715328,0.917112076,0.827930585,0.932234622
303,0.942313562,0.956195021,0.960710347,0.995347741,0.92372388,0.821263571,0.958805828
304,0.938494961,0.970372406,0.962528912,0.993959893,0.91876771,0.812862018,0.903590742
305,0.940374527,0.958675075,0.964346542,0.996606586,0.925745631,0.811422365,0.933525885
306,0.933813148,0.947484168,0.962899817,0.995164562,0.92394016,0.798793762,0.91780412
307,0.934871583,0.955525371,0.955672389,0.993689816,0.914810158,0.80131854,0.943001143
308,0.942538735,0.961692019,0.960115155,0.993832722,0.935443962,0.819949269,0.935338255
309,0.931520065,0.958561429,0.95386508,0.994052906,0.907510146,0.796659558,0.918979816
310,0.938827092,0.96140947,0.955290325,0.993245483,0.929495655,0.816049335,0.923060329
311,0.950796117,0.984390726,0.959772277,0.994562766,0.926600068,0.850712985,0.93729925
312,0.944304594,0.97446334,0.964025094,0.994186769,0.9247886,0.826240324,0.922155429
313,0.939877387,0.965304583,0.95422047,0.993746239,0.927150027,0.812995344,0.940301392
314,0.943061544,0.973893894,0.962332812,0.993841247,0.924440928,0.823500024,0.919784089
315,0.92749546,0.942373267,0.95005901,0.992684892,0.931604602,0.788208397,0.90350958
316,0.939787051,0.975150021,0.961668812,0.994808041,0.911001965,0.818491393,0.908336768
317,0.936384455,0.969397575,0.955752653,0.992179293,0.911997675,0.812755444,0.913963859
318,0.933563303,0.947886865,0.958479963,0.995094135,0.922285342,0.803253383,0.916989229
319,0.940527822,0.959189588,0.961576905,0.996320135,0.926063961,0.816809271,0.929160537
320,0.933689757,0.942306873,0.962839928,0.993763779,0.919379828,0.800008511,0.932685813
321,0.931668243,0.940146455,0.964236423,0.994982397,0.912915568,0.795764072,0.924075911
322,0.935349858,0.927391882,0.966416408,0.995741444,0.93543856,0.80051345,0.941713097
323,0.941159541,0.962350598,0.963659789,0.9933003,0.921807577,0.81984512,0.931983585
324,0.944888348,0.971565292,0.96306648,0.993183149,0.921510622,0.834568711,0.926581224
325,0.945823913,0.96887555,0.969296953,0.995629281,0.922068296,0.834206028,0.922335556
326,0.952504374,0.974717425,0.967044964,0.993270154,0.938398053,0.854265519,0.939296294
327,0.945641359,0.968845604,0.960131334,0.992501773,0.928080496,0.837641931,0.936598684
328,0.941617741,0.950141987,0.953771109,0.996783721,0.931680814,0.83189377,0.937832169
329,0.943399467,0.960406717,0.95634758,0.996785112,0.921857498,0.833176669,0.941210823
330,0.941414855,0.972036499,0.960859845,0.996213934,0.901642198,0.821622776,0.939161975
331,0.941431045,0.957481924,0.968572525,0.99662924,0.925838131,0.819380317,0.920895339
332,0.935742279,0.946139916,0.96305498,0.995444269,0.916862456,0.804009964,0.940076392
333,0.936734258,0.947572392,0.96072409,0.99671518,0.927765827,0.802525735,0.937562587
334,0.944770979,0.956098981,0.966415746,0.995919882,0.939930548,0.835410857,0.912628662
335,0.941559331,0.964209729,0.959584687,0.992229308,0.92981573,0.82132466,0.928644281
336,0.948226296,0.975022886,0.962568411,0.995033975,0.931087824,0.839356266,0.933308668
337,0.942662398,0.960636245,0.965306982,0.994292101,0.933150696,0.821245233,0.926123382
338,0.935201957,0.954111967,0.954916793,0.995486606,0.923896554,0.808093439,0.916551887
339,0.940928373,0.970660505,0.957616325,0.992536415,0.918508333,0.823213524,0.92778982
340,0.944766675,0.955156341,0.964525162,0.994806401,0.933996441,0.83311501,0.937560693
341,0.939798058,0.945763741,0.959619256,0.996585312,0.926810686,0.816390378,0.952465082
342,0.937277269,0.946128578,0.960766749,0.996083163,0.926822996,0.811196532,0.932506941
343,0.946690008,0.97269665,0.961671542,0.994715458,0.940678265,0.837077567,0.912106486
344,0.937202076,0.960913095,0.956499649,0.996985569,0.914232477,0.81040487,0.930165091
345,0.951225786,0.975632325,0.969080919,0.996657182,0.930587808,0.84776289,0.932127528
346,0.927092116,0.93400075,0.960543539,0.993685252,0.924774306,0.784675852,0.900386933
347,0.953942892,0.974193179,0.966834777,0.99591204,0.942050276,0.854697719,0.946708277
348,0.94369594,0.96101192,0.963933561,0.995426163,0.939616867,0.824249915,0.921651855
349,0.939993621,0.956018713,0.968043573,0.994317656,0.930263049,0.815249365,0.914155436
350,0.943389656,0.959108535,0.972806172,0.99699968,0.928261996,0.819976295,0.92153865
351,0.938689008,0.951271595,0.96656251,0.994661228,0.916147188,0.812526719,0.942922394
352,0.935797855,0.963168287,0.965601762,0.993697947,0.920802118,0.803197052,0.897471411
353,0.937315403,0.963352788,0.960387087,0.996248133,0.918247958,0.804729048,0.924663159
354,0.953804708,0.972859307,0.97153285,0.994143224,0.938134086,0.857148546,0.941527426
355,0.953580613,0.978475963,0.964513303,0.997353907,0.932361516,0.848729006,0.959849932
356,0.939465809,0.950084652,0.971506887,0.994853895,0.924092318,0.812585447,0.926376629
357,0.938443853,0.932473691,0.971632686,0.995367636,0.943554965,0.807512809,0.929174574
358,0.940773628,0.962654508,0.962819329,0.995825703,0.925552632,0.816213873,0.923430563
359,0.942585374,0.963967628,0.966310372,0.99397773,0.925195008,0.822764634,0.928505786
360,0.940659554,0.944813159,0.967549386,0.995780352,0.923977442,0.821300817,0.94197215
361,0.942946437,0.954407295,0.972447005,0.993830778,0.928728464,0.826752354,0.923383816
362,0.939613587,0.942966519,0.964522083,0.993556007,0.931467534,0.817257132,0.942542861
363,0.942669431,0.950908995,0.964146564,0.996098057,0.938151222,0.821531487,0.93961141
364,0.933712029,0.933279812,0.965201924,0.99531561,0.927566544,0.802622047,0.925321019
365,0.938065725,0.938596849,0.960001595,0.996717168,0.938581072,0.81608608,0.929873874
366,0.946987756,0.966600289,0.969319739,0.997356348,0.93621216,0.834599839,0.916452869
367,0.94560441,0.966901308,0.966834044,0.995149692,0.924946781,0.829516577,0.939032798
368,0.950095968,0.970784604,0.971255623,0.996368663,0.931159789,0.845626364,0.928653329
369,0.951268982,0.97613888,0.966825426,0.996740376,0.932300371,0.846543771,0.936637116
370,0.942364116,0.957054356,0.969307708,0.993705613,0.928823095,0.823593809,0.925343863
371,0.93970854,0.959094858,0.961288248,0.996065214,0.915996283,0.816814556,0.936589372
372,0.943635583,0.966437267,0.959293243,0.996572567,0.931231774,0.825552296,0.927106812
373,0.936228774,0.947840749,0.971071614,0.993157912,0.920282963,0.810165687,0.908659476
374,0.941878955,0.950047675,0.972274317,0.995531208,0.925104963,0.819875566,0.932774167
375,0.939611924,0.947585962,0.967483215,0.99516753,0.931432248,0.814175899,0.929278944
376,0.94541224,0.961725306,0.972934515,0.996664191,0.924637374,0.827464203,0.932474933
377,0.939963995,0.949826635,0.970617765,0.997308425,0.922265066,0.819347945,0.917315689
378,0.94598067,0.974585574,0.965244514,0.994331385,0.931766477,0.831798632,0.918746667
379,0.948458572,0.972441419,0.968884801,0.996586094,0.931211705,0.839002067,0.922606772
380,0.945597704,0.976557038,0.960840357,0.995576892,0.915795156,0.830358777,0.942724705
381,0.932655655,0.940011805,0.964051257,0.994170403,0.921265498,0.799489809,0.919704031
382,0.945809773,0.967929868,0.962671658,0.99733219,0.92276151,0.831272169,0.942797851
383,0.934135863,0.926982295,0.963400862,0.995111948,0.936594347,0.799057834,0.940874347
384,0.948078632,0.961752683,0.962638739,0.995788475,0.92914711,0.842378653,0.956759963
385,0.952664469,0.977776383,0.971991839,0.993470588,0.931066227,0.853393333,0.933244355
386,0.942578645,0.956628481,0.961787128,0.994516391,0.925050957,0.822340364,0.956166482
387,0.937648445,0.961643081,0.960197705,0.995235529,0.915126405,0.808893031,0.928381288
388,0.934651452,0.9439867,0.964748658,0.994376364,0.91450144,0.808501062,0.924738789
389,0.954036587,0.978496346,0.964190283,0.993885005,0.946418829,0.860368909,0.932288665
390,0.946438571,0.963871513,0.964537695,0.995358089,0.929502666,0.830466915,0.951204156
391,0.945012503,0.96024328,0.969040835,0.99632069,0.92306584,0.828922527,0.943040021
392,0.939666018,0.943122462,0.966777106,0.997254276,0.925846486,0.813678578,0.945754008
393,0.94105645,0.968077621,0.96000239,0.993220902,0.918904413,0.817067533,0.940005606
394,0.938644857,0.9502045,0.968236901,0.995273571,0.915272095,0.811277418,0.940442413
395,0.944456543,0.955617944,0.963444378,0.997006167,0.94546056,0.826177364,0.928010729
396,0.946732599,0.974414813,0.962604965,0.998138489,0.921828222,0.837462162,0.927255965
397,0.952932093,0.975623696,0.969089508,0.998178588,0.930978974,0.850762129,0.941599243
398,0.936285427,0.953562028,0.963217508,0.994976847,0.923326889,0.806609455,0.917134484
399,0.945536798,0.955829312,0.968643116,0.996969456,0.934379583,0.828183398,0.941263369
